{
  "model/models.js": 1626987985820,
  "i18n/i18n.properties": 1626987985820,
  "Component.js": 1626988288286,
  "i18n/i18n_en.properties": 1626987985820,
  "controller/View1.controller.js": 1626988122701,
  "manifest.json": 1627214013690,
  "manifest-bundle.zip": 1627214013495,
  "Component-preload.js": 1627214013657,
  "controller/View1-dbg.controller.js": 1626988122701,
  "model/models-dbg.js": 1626987985820,
  "Component-dbg.js": 1626988288286,
  "resources.json": 1627214013697,
  "view/View1.view.xml": 1626988298866,
  "css/style.css": 1626987985816,
  "index.html": 1627213662619
}