{
  "Component-dbg.js": 1635435306654,
  "i18n/i18n_en.properties": 1635435306654,
  "Component.js": 1635435306654,
  "model/models.js": 1635435306654,
  "controller/View1.controller.js": 1635435306654,
  "manifest.json": 1635435859530,
  "manifest-bundle.zip": 1635435859333,
  "Component-preload.js": 1635435859507,
  "controller/View1-dbg.controller.js": 1635435306654,
  "model/models-dbg.js": 1635435306654,
  "i18n/i18n.properties": 1635435306654,
  "resources.json": 1635435859533,
  "view/View1.view.xml": 1635435649974,
  "css/style.css": 1635435306654,
  "index.html": 1635435641590
}