{
  "Component-dbg.js": 1626988288286,
  "i18n/i18n_en.properties": 1626987985820,
  "model/models.js": 1626987985820,
  "manifest.json": 1626988903144,
  "controller/View1.controller.js": 1626988122701,
  "Component.js": 1626988288286,
  "manifest-bundle.zip": 1626988903005,
  "Component-preload.js": 1626988903123,
  "model/models-dbg.js": 1626987985820,
  "controller/View1-dbg.controller.js": 1626988122701,
  "i18n/i18n.properties": 1626987985820,
  "resources.json": 1626988903147,
  "view/View1.view.xml": 1626988298866,
  "css/style.css": 1626987985816,
  "index.html": 1626988328710
}